Betty,Hawkins
Barbara,Elliott
David,Rose
Betty,Martin
Lois,Sanchez
Sarah,Anderson
Alice,Larson
Julie,Fernandez
Patrick,Ramirez
Phillip,Banks
Stephanie,Peters
Kathy,Hunter
Kenneth,Brooks
Jacqueline,Mcdonald
Doris,Brown
Kelly,Brown
Amanda,Ward
Frances,Lee
Linda,Vasquez
Anne,Turner
Marie,Murray
Lawrence,Kelley
Benjamin,Ford
Jane,Hart
Ryan,Franklin
Tammy,Johnston
Jonathan,Chavez
Amanda,Warren
Lori,Carr
Jack,Ortiz
Jose,Kim
Shawn,Reynolds
Ralph,Butler
Brian,Hunt
Paula,Dean
Laura,Gibson
Steven,Kennedy
Nicholas,Gibson
Cynthia,White
Thomas,Martin
John,Black
Phillip,Powell
Catherine,Hunt
Judith,Clark
Philip,Wilson
Gloria,Hill
Shawn,Jackson
Joyce,Murphy
Ralph,Edwards
Virginia,Larson
Ronald,Stewart
Fred,Rodriguez
Ann,Reyes
Brenda,Morales
Russell,Mitchell
Michelle,Bryant
Catherine,Anderson
Janice,Kelley
Wanda,Lane
Alice,Day
Sarah,Miller
Pamela,Black
Donna,Woods
Bruce,Morris
Donald,Gardner
Michael,Jones
Jane,Richardson
Russell,Washington
Lawrence,Jacobs
Johnny,Washington
Steve,Murphy
Rose,Simpson
Patrick,Welch
Sandra,Turner
Bonnie,Tucker
Frances,Shaw
Chris,Richards
Carl,Payne
Jesse,Ray
Charles,Watkins
Laura,Garrett
Scott,Cole
Andrea,Wheeler
Willie,Alvarez
Victor,Morris
Jason,Butler
Bonnie,Williamson
Alice,Richards
Craig,Daniels
Donald,Webb
Jennifer,Hart
Nicole,Hart
Mark,Kelley
Jonathan,Wallace
Bonnie,Warren
Pamela,Pierce
Keith,Jacobs
Jonathan,Crawford
Kathy,Garrett
Howard,Alvarez
Donald,Boyd
Betty,Johnson
Kelly,Kelley
Teresa,Bowman
Kathleen,Nelson
Walter,Brooks
Thomas,Anderson
Lori,Banks
Mary,Morrison
Shirley,Davis
Evelyn,Welch
Kimberly,Reed
Charles,Snyder
Brian,Gonzales
Frances,Howell
Kathy,Myers
Jean,Roberts
Anne,Gardner
Deborah,Cole
Brenda,Elliott
William,Smith
Gloria,Lawson
Willie,Banks
Emily,Lewis
Susan,Romero
Amanda,Carter
Irene,Hill
Katherine,Payne
Anne,Stanley
Irene,Hanson
Marie,Little
Betty,Mills
Steve,Burton
Albert,White
Andrew,Wagner
Anna,Gordon
Sharon,Cole
Evelyn,Ferguson
Louise,Thomas
Lillian,Johnson
Richard,Reyes
Karen,Willis
Daniel,Campbell
George,Richardson
Earl,Fowler
Phillip,Perry
John,Lee
Gregory,Morrison
Tina,Cunningham
Dorothy,Rice
Jeffrey,Gibson
Bobby,Morgan
Timothy,Lawson
Andrea,Thompson
Billy,Bryant
Henry,Harper
Rose,Wright
Patricia,Grant
Mildred,King
Brian,Ryan
Sharon,Hughes
Evelyn,Hall
Howard,Moreno
Ryan,Vasquez
Angela,Payne
Emily,Hernandez
Carolyn,Brooks
Harold,Carter
Thomas,Stanley
Jose,Ramos
Nicholas,Grant
Ruth,Kelley
Joshua,Hill
Annie,Berry
Dennis,White
Sarah,Barnes
Mildred,Elliott
Howard,Castillo
Benjamin,King
Jeffrey,Vasquez
Ruby,Rogers
Kathryn,Long
Ruth,Alexander
Janice,Hansen
Christine,Wilson
Ryan,Day
Jeremy,White
Frank,Gordon
Peter,Ortiz
Lori,Bishop
Jeremy,Howard
Louis,Jenkins
Helen,Hawkins
Mark,Edwards
Lillian,Ruiz
Jeremy,Warren
Sarah,Sanders
Randy,Welch
Nancy,Dixon
Mildred,Mitchell
Jeffrey,Carroll
Carol,Butler
Louise,Barnes
Chris,Duncan
Tammy,Fields
Scott,Sims
Earl,White
Daniel,Hansen
Raymond,Rodriguez
Ryan,Howard
Nicholas,Wright
Albert,Mitchell
Philip,Cook
Andrew,Gonzalez
Philip,Richardson
Craig,Cunningham
Cynthia,Knight
Joe,Myers
Jacqueline,Cook
Maria,Fox
Aaron,Holmes
Diane,Lawson
Joe,Alexander
Nicholas,Pierce
Peter,Griffin
Jimmy,Price
Anthony,Price
Gregory,Ford
Eugene,Lawrence
Debra,Wright
Rose,Baker
Joyce,Jones
Diane,Warren
Carol,Stewart
Craig,Lawrence
Aaron,Fisher
Sean,Sanders
Ryan,Garrett
Robert,Lane
Michelle,Lawrence
Aaron,Johnson
Russell,Wheeler
Sean,Armstrong
Nicole,Wheeler
Jose,Cole
Ryan,Webb
Gloria,West
Joan,Murphy
Randy,Dunn
Joe,Lewis
Barbara,Hughes
Sean,Bradley
Brian,Bell
Jason,Payne
Philip,Stephens
Albert,Patterson
Mildred,Adams
Benjamin,Olson
Julie,Hall
Tina,Owens
Patricia,Daniels
Kevin,Vasquez
Lori,Bailey
Michael,Ramirez
Antonio,Romero
Karen,Bailey
Nicholas,Ellis
Justin,Peters
Linda,Banks
Jennifer,Nichols
Julia,Allen
Matthew,Romero
Sandra,Weaver
Patrick,Hudson
Alice,Stanley
Peter,Woods
Roy,Burton
Joan,Garza
Marie,Fuller
Robert,Spencer
Evelyn,White
Willie,Cole
Peter,Peterson
Mary,Medina
Lois,West
Justin,Gray
Craig,Duncan
Karen,Austin
Henry,King
Elizabeth,Hamilton
Mildred,Hill
Jose,Bell
Catherine,Howard
Theresa,Cunningham
Jeremy,Stevens
Virginia,Ramos
Joe,Olson
Justin,Rodriguez
Charles,Alexander
Raymond,Gibson
Arthur,Ortiz
Billy,Gibson
Carlos,Reed
Fred,Richardson
Gerald,Stone
Sharon,Watkins
Katherine,Hunt
Bobby,Simpson
Brandon,Parker
Brenda,Watson
Scott,Porter
Joshua,Banks
Stephanie,Wright
Kenneth,Cox
Willie,Wagner
Edward,Pierce
Kimberly,Mccoy
Frank,Henry
Jean,Williams
Martha,Shaw
Ann,Cruz
Jimmy,Matthews
Janet,Carroll
Norma,Davis
Keith,Owens
Sharon,Nelson
Lawrence,Hanson
Robin,Lewis
Phillip,Carroll
Arthur,Armstrong
Lillian,Arnold
Arthur,Mccoy
Teresa,Castillo
Cheryl,Anderson
Emily,Bradley
Justin,Fox
Carlos,Chapman
Virginia,Garza
Stephen,Jenkins
Linda,Martin
Clarence,Cunningham
Carlos,Bennett
Sara,Freeman
Rachel,Crawford
Billy,Oliver
Paula,Rose
Joshua,Nelson
Aaron,Patterson
Bobby,Wright
Willie,Berry
Kathy,Fuller
Anne,Graham
Kevin,Rogers
Alan,Richardson
Virginia,Ford
Roger,Ross
Margaret,Myers
Stephanie,Alexander
Joseph,Simpson
Karen,Peterson
Andrea,Stone
Rebecca,Fox
Melissa,Sanchez
Donald,Martinez
Willie,Harper
Carol,Simpson
Shawn,Stevens
Shirley,James
Evelyn,Moreno
Doris,Henderson
Kathy,Wallace
Christine,Murray
Andrea,Gonzales
Daniel,Grant
Denise,Marshall
Brenda,Moore
Jennifer,Moore
Kimberly,Turner
Tammy,Robinson
Norma,Dixon
Phillip,Kennedy
Jason,Nelson
Todd,Henry
Fred,Edwards
Deborah,Stanley
Joshua,Harris
Diane,Meyer
Amy,Pierce
Victor,Arnold
Linda,Owens
Jane,Rodriguez
Juan,Dixon
Charles,Boyd
William,Matthews
Janet,Shaw
Nicholas,Burke
Louise,Cooper
Jonathan,Welch
Emily,Ramos
Stephanie,Gutierrez
Carol,James
Kevin,Coleman
Philip,Shaw
Christina,Vasquez
Ernest,Hill
Keith,Adams
Craig,Ortiz
Christopher,Foster
Brian,Reid
Gregory,Stewart
Paula,Greene
Cheryl,Bailey
Tammy,Robertson
Edward,Murphy
Betty,Morgan
Karen,Marshall
Gregory,Cruz
Joe,Henry
Lisa,Hansen
Bruce,Fox
Kathleen,George
Theresa,Armstrong
Jason,Parker
Susan,Carroll
Kathy,Hayes
Michelle,Stone
Irene,Elliott
Carol,Lawrence
Melissa,Armstrong
Sara,Vasquez
Juan,Butler
Carl,Holmes
Henry,Henderson
Lisa,Walker
Karen,Gonzales
Gerald,Harvey
Rebecca,Warren
Richard,Flores
Jesse,Kim
Shawn,Hernandez
Carolyn,Lawson
Robin,Coleman
Jeffrey,Gardner
Amy,Gilbert
Clarence,Sanchez
Gerald,Campbell
Jason,Webb
Marilyn,Lawrence
Anne,Hawkins
Debra,Myers
Elizabeth,Scott
Matthew,Thomas
Elizabeth,Vasquez
Lisa,Garrett
Antonio,Wallace
Todd,Russell
Julie,Payne
Karen,Sullivan
Susan,Wheeler
Donna,Gomez
Barbara,Rivera
Brenda,Boyd
Howard,Simmons
Jeffrey,Ramirez
Anna,Burke
Charles,Fields
Terry,Lee
Annie,Morris
Dennis,Jones
Ruth,Mitchell
Julia,Ford
Justin,Williams
Debra,Price
Louis,Miller
Harry,Gilbert
William,Phillips
Linda,George
Nicole,Simmons
Marie,Porter
Adam,Garrett
Ann,Nguyen
Alan,Wheeler
Cynthia,Bishop
Harold,Long
Jacqueline,Collins
Kevin,Morales
Lois,Franklin
Anne,Hill
Janice,Crawford
Angela,Gilbert
Sandra,Peters
Keith,Adams
Michelle,Diaz
Juan,Jones
Frank,Alvarez
Robert,Patterson
Emily,Greene
Norma,Gardner
Christopher,Reyes
Jeffrey,Webb
Carol,Brooks
Rachel,Sullivan
Carol,Jordan
Judy,Fuller
Jeffrey,Gutierrez
Sharon,Shaw
Samuel,Willis
Angela,Martinez
Annie,Carter
Kevin,Taylor
Raymond,Harrison
Teresa,Spencer
Janice,Webb
Richard,Cox
Andrew,Daniels
Steve,Garza
Nicole,Brooks
Dorothy,Barnes
Joan,Rose
Kevin,Carter
Doris,Sanders
Gloria,Scott
Terry,King
Anne,Foster
Ruth,Hamilton
Annie,Richards
Ralph,Lee
Clarence,Vasquez
Helen,Chavez
Jacqueline,Garcia
Roy,Richards
Eugene,Daniels
Justin,Russell
Paul,Freeman
Jerry,Romero
Albert,Burke
Samuel,Brooks
Anthony,Chavez
Steve,Rodriguez
Brenda,Dixon
Ruby,Sims
Lisa,Stone
Annie,Hernandez
Harry,Adams
Donald,Gomez
Fred,Lewis
Wanda,Daniels
Michelle,Little
Kathy,Foster
Amy,Burns
Elizabeth,Parker
David,Ellis
Linda,Fields
Harold,Reyes
Dorothy,Kennedy
Bobby,Berry
Beverly,Adams
Rebecca,Lane
Jesse,Baker
Diane,Richardson
Rebecca,Butler
Kimberly,George
Rebecca,Butler
Chris,Medina
Theresa,Marshall
Kathleen,Bailey
Roger,Gordon
Andrea,Gordon
Adam,Morrison
Diana,Andrews
Gregory,Perkins
Jane,Hunter
Chris,Mason
Kathleen,Brown
Jeffrey,Andrews
Harry,Graham
Stephen,Johnson
Rachel,Rose
Dorothy,Wagner
Julie,Richardson
Lois,Lynch
Joe,Gibson
Lisa,Reed
Michael,Simmons
Jeffrey,Peterson
Gloria,Bennett
Kathryn,Holmes
Judy,Dean
Russell,Anderson
Carlos,Gordon
Doris,Morris
Paula,Burke
Mildred,Fields
Phillip,Sims
Harold,Simpson
Sandra,Mccoy
Patrick,Johnson
Billy,Wallace
Johnny,Lawson
Carlos,Ryan
Adam,Castillo
Patrick,Harrison
Rachel,Stewart
Eric,Wood
Andrea,Patterson
Debra,Coleman
Charles,Lopez
Kathryn,Griffin
Nancy,Hicks
Edward,Austin
Keith,Robinson
Adam,Rice
Adam,Cooper
Victor,Owens
Anne,Harper
Earl,Sullivan
Diana,Freeman
Paula,Owens
Pamela,Walker
Thomas,Bradley
Jimmy,Ford
Maria,Gutierrez
Frank,Oliver
Angela,Black
Gloria,Hill
Annie,Simmons
Norma,Harrison
Helen,Welch
Edward,Gray
Phyllis,Meyer
Margaret,Robinson
Sara,Henry
Frances,Romero
Ashley,Burns
Theresa,Walker
Jean,Kim
Cheryl,Thompson
Ryan,Mitchell
Anna,Harvey
Ashley,Bailey
David,Day
Martha,Medina
Margaret,Richardson
Anne,Hayes
David,Lane
Brenda,Kennedy
Carl,Hunt
Raymond,Ward
Martha,Crawford
Diana,Carr
Kimberly,Peters
Paul,Thompson
Gary,Smith
Andrea,Smith
Roy,Riley
Eugene,Evans
Benjamin,Henderson
Eugene,Graham
Edward,Harris
Shirley,Wallace
Lisa,Woods
Steven,Scott
Melissa,Perry
Rose,Oliver
Gerald,Fisher
Pamela,Jackson
Clarence,Franklin
Paula,Flores
Louise,Hunter
Sara,Murphy
Gloria,Sanchez
Johnny,Washington
Sara,Hill
Diane,Flores
Annie,Nguyen
Kathryn,Mills
Ruth,Williams
Lois,Russell
Laura,Perry
Carlos,Lawson
Alice,Schmidt
Lawrence,Vasquez
Deborah,Bailey
Antonio,Watkins
Ronald,Martin
Johnny,James
Lillian,Harper
Gerald,Anderson
Andrew,Romero
Virginia,Medina
Tammy,Bailey
Dorothy,Martin
Shawn,Frazier
Michelle,Lee
Jimmy,Wood
Michael,Lee
Arthur,Wells
Alan,Olson
Janet,Hernandez
Richard,Elliott
Samuel,Mitchell
Bonnie,Wheeler
Earl,Crawford
Janet,Crawford
John,Davis
Sara,Payne
Judy,Richardson
Gary,Spencer
Louise,Harris
Debra,Harris
Teresa,Adams
Elizabeth,Fox
Ashley,Hernandez
Mary,Johnston
Ashley,Wallace
Phyllis,Pierce
Richard,Ray
Joe,Bryant
Evelyn,Watson
Michael,Ellis
Chris,Hanson
Raymond,King
Marie,Nguyen
Virginia,Gonzales
Emily,Adams
Katherine,Brooks
Debra,Pierce
Willie,Burke
Alice,Richards
Susan,Williamson
Gregory,Green
Steven,Hawkins
Fred,Little
Justin,Austin
Sara,Henry
Joshua,Marshall
Nicholas,Myers
Ralph,Dunn
Philip,Murphy
Brenda,Stephens
Roy,Mcdonald
Andrew,Wood
Jimmy,Ruiz
Michael,Hicks
Gary,Fields
Heather,Ross
Kimberly,Kelley
Edward,Richards
Nancy,Bryant
Ashley,Martinez
Kathryn,Vasquez
Harold,Cox
Timothy,Griffin
Bobby,Rogers
Laura,Wood
William,Sullivan
Mary,Bishop
Nicole,Reyes
Jimmy,Andrews
Charles,Chavez
Brenda,Campbell
Jeremy,Burton
Eric,Mendoza
Russell,Brown
Dennis,Wright
Evelyn,Freeman
Fred,Mills
Pamela,Schmidt
Sandra,Palmer
Norma,Hicks
Teresa,Austin
Brandon,Young
Irene,Fuller
Amanda,Hayes
Walter,Fox
Elizabeth,Robertson
Daniel,Burke
Chris,Gonzalez
Mary,Cook
Evelyn,Hunt
Jack,Crawford
Terry,Brooks
Howard,Rose
Harry,Holmes
Jack,Nichols
Richard,Lopez
Ernest,Evans
Brian,Howell
Roger,Hudson
Judy,Morales
Gary,Bell
Russell,Ramirez
Terry,Chapman
Bruce,Reynolds
Rachel,Fernandez
Nancy,Hill
Ashley,Kim
Craig,Stewart
Roger,Adams
Barbara,Roberts
Nicholas,Watkins
Harold,Morris
Paul,Collins
Shirley,Lewis
Gerald,Turner
Judith,Reid
Janet,Mendoza
Theresa,Sanders
George,Day
Theresa,Banks
Patricia,Smith
Larry,Hughes
Robert,Wheeler
Melissa,Hudson
Jason,Morris
Ryan,Alexander
Karen,Armstrong
Rebecca,Owens
Brian,Perez
George,Gray
Annie,Ryan
Carolyn,Evans
Jessica,Watkins
Richard,Ellis
Susan,Thomas
James,Rodriguez
Diana,Edwards
Andrew,Vasquez
Bobby,Ward
Robin,Garrett
Scott,Coleman
Samuel,Watson
Debra,Reed
Craig,West
Beverly,Franklin
Ashley,Carter
Beverly,Watson
Christina,Hernandez
Keith,Davis
Sara,Allen
Billy,Stevens
Howard,Brown
Joan,Clark
Willie,Smith
Melissa,West
Diane,Burke
Jason,Ward
Shawn,Diaz
Wayne,Grant
Teresa,Fisher
Sharon,Brown
Matthew,Robinson
Anna,Ford
Laura,Vasquez
Norma,Anderson
Lori,Simmons
Joshua,Snyder
Joseph,White
Barbara,Riley
Phyllis,Alvarez
Bobby,Wallace
Peter,Baker
Helen,Long
Annie,Morrison
Charles,Powell
Jennifer,Brooks
Deborah,Wells
Doris,Russell
Donald,Howard
Douglas,Oliver
Susan,Bishop
Patrick,Sims
Wayne,Hayes
Carl,Little
Dennis,Snyder
Joyce,Phillips
Steven,Ruiz
Jeffrey,Fisher
Amanda,James
Joshua,Schmidt
Stephen,Lawson
Albert,Sanders
Ann,Reid
Janet,Henry
Jennifer,Johnson
Rebecca,Bell
Kevin,Moore
Elizabeth,Ruiz
Bruce,Turner
Ralph,Ramos
Phillip,Lee
Steven,Garrett
Eugene,Greene
Margaret,Duncan
Carolyn,Wood
Thomas,Gilbert
Matthew,Collins
Kelly,Walker
Angela,Warren
Arthur,Mills
Gregory,Stewart
Terry,Fisher
Anthony,Barnes
Jacqueline,Pierce
Walter,Roberts
Melissa,Lynch
Ronald,Vasquez
Stephen,Hamilton
Theresa,Nguyen
Katherine,Watkins
Jack,Gordon
Mildred,Jenkins
Rebecca,Edwards
Debra,Ray
Wayne,Martin
William,Castillo
Mark,Graham
Chris,Richardson
Keith,Washington
Albert,Williams
Jeffrey,Jacobs
Gerald,Ramos
Daniel,Willis
Benjamin,Hunter
Amy,Fisher
Daniel,Wheeler
Daniel,Bennett
Jimmy,Smith
Patrick,Kim
Lillian,Stevens
Tina,Garza
Scott,Fowler
Earl,Ford
Carol,Rice
Nicole,Williams
Helen,Murphy
Kathleen,Garza
Gloria,Flores
Joyce,Nichols
Jose,Nguyen
Jennifer,Watson
James,Cole
Nicholas,Cooper
Christopher,Spencer
Michael,Duncan
Stephanie,Collins
Larry,Perkins
Susan,Castillo
Frank,Montgomery
Justin,Mccoy
Dorothy,Stephens
Harry,Hansen
Lori,Bryant
Bruce,Morrison
Edward,Warren
Maria,Woods
Norma,Young
Christina,Robertson
Martin,Holmes
Tina,Fisher
Randy,Ross
Rose,Dunn
William,Robertson
Earl,Gray
Ann,Gordon
Christina,Gibson
Joan,Parker
Joshua,Wallace
Martha,Tucker
Kathy,Hamilton
Nancy,Cook
Helen,Wagner
Charles,Gardner
Patrick,Reyes
Ashley,Stone
Wanda,Parker
Andrea,Johnston
Randy,Phillips
Brandon,Willis
Harry,Jenkins
Ashley,Martin
Jacqueline,Gonzalez
Russell,Clark
Paula,Hart
John,Reid
Scott,Mendoza
Joseph,Hart
Jacqueline,George
Katherine,Peterson
Denise,Baker
Susan,Burns
Evelyn,Gomez
Henry,Jacobs
Justin,Olson
Sharon,Jacobs
Roger,Little
Maria,Williamson
Tammy,Henry
Joshua,Mendoza
Virginia,Knight
Wayne,Cunningham
Katherine,Harris
Shawn,Castillo
Gerald,Grant
Ernest,Gonzalez
Barbara,Kelly
Robert,Griffin
Judy,Black
Norma,Moore
Jack,Morris
Eugene,Lewis
David,Coleman
Shirley,Morris
Barbara,Ward
Philip,Schmidt
Eugene,Rogers
Terry,Reyes
Elizabeth,Warren
Michelle,Jacobs
Sean,Sullivan
Marie,Crawford
Philip,Black
Juan,Stevens
Carol,Snyder
Evelyn,Holmes
Joyce,Matthews
Melissa,Oliver
Ann,Coleman
Sandra,Andrews
David,Burton
Marilyn,Taylor
Annie,Morgan
Aaron,Berry
Steven,Wheeler
Annie,Ross
Russell,Reed
Randy,Lopez
Katherine,Rivera
Theresa,Bailey
Annie,Smith
Lisa,Stanley
Gary,Morrison
Lois,Gutierrez
Peter,Harper
Emily,Taylor
Martha,Chapman
Lois,Palmer
Fred,Willis
Lawrence,Robertson
Sean,Larson
Daniel,Gordon
Ralph,Carroll
Sara,Perez
Sara,Bell
Arthur,Anderson
Karen,Miller
Nicholas,Peters
Andrea,Kelley
Peter,Hamilton
Patricia,Price
Doris,Miller
John,Harris
Debra,Moreno
Judy,Henry
Benjamin,Simmons
Rebecca,Coleman
Henry,Carr
Chris,Fuller
Brian,Roberts
Kelly,Marshall
Lillian,Ford
Denise,Franklin
Ryan,Fox
Brenda,Moreno
Anna,Morris
Eugene,Ray
Lillian,Green
Joseph,Boyd
Victor,Powell
Judith,Watkins
Samuel,Torres
Robert,Price
Marie,Gray
Rachel,Ray
Benjamin,Washington
Jessica,Rose
Andrea,Anderson
Louis,Hall
Joshua,Fox
Kevin,Rice
Wayne,Lewis
Walter,Nguyen
Joe,Williamson
Kimberly,Arnold
Todd,Ramos
Shawn,Stephens
Catherine,Hunt
Jeffrey,Knight
Kelly,West
Christopher,Morris
Robin,Johnson
Judith,Taylor
Brandon,Perez
Irene,Wagner
Lillian,Franklin
Kevin,Hill
Beverly,Ross
Kathleen,Green
Louise,Walker
Marilyn,Palmer
Joseph,Cook
Sandra,Morrison
Stephen,Banks
Barbara,Oliver
Judith,Palmer
Steven,Hicks
Jerry,Kelly
Robin,Greene
Antonio,Sullivan
Victor,Bennett
Harold,Price
George,Frazier
Kathryn,Griffin
Pamela,Thomas
Virginia,Powell
Jason,Ray
Brian,Smith
Martin,Washington
David,Griffin
Nicole,Morris
Beverly,Gonzales
Sean,Simpson
James,Gutierrez
Cynthia,Cunningham
Phyllis,Moreno
Carol,Anderson
Maria,Snyder
Barbara,Grant
Norma,Arnold
Ryan,Robertson
Patricia,Hughes
Jessica,Howell
Christine,Cooper
Frank,Larson
Cheryl,Hanson
Patrick,Oliver
Lori,Hernandez
Mildred,Black
Douglas,Morris
Ronald,Turner
Catherine,Mccoy
Sara,Hart
Aaron,Cooper
Donna,Mendoza
Peter,Morales
Tammy,Williams
Scott,Cunningham
Raymond,Snyder
Ruby,Cook
Ernest,Jones
Kelly,James
Mary,Rose
Jason,Frazier
Cheryl,Bennett
Rose,Welch
Phillip,Brown
Matthew,Hill
Cynthia,Hart
Gloria,Olson
Carlos,Griffin
Carlos,James
Ronald,Gutierrez
Emily,Sims
Christopher,Duncan
Nicholas,Duncan
Matthew,Jordan
Mary,Simpson
Louis,Wright
Linda,Mendoza
Alan,Kim
Kathy,Palmer
Sarah,Kelley
Martha,Romero
Marilyn,Fernandez
Bruce,Wallace
Rachel,Hunt
Michelle,Hicks
Robert,Gibson
Ryan,Mills
Teresa,Hicks
Brian,Gutierrez
Andrew,Thomas
Philip,Gonzales
Albert,Robertson
Michael,Hudson
Jeremy,Watkins
Steven,Hill
Nicholas,Mendoza
Joseph,Cook
Jerry,West
Deborah,Ruiz
Elizabeth,Spencer
Kathleen,Matthews
Diana,Harrison
Jeremy,Wilson
Samuel,Jacobs
Gerald,Banks
Juan,Romero
Bruce,Hamilton
Bruce,Little
Dorothy,Day
Nancy,Long
Mary,Garza
Kathy,Larson
Kevin,Warren
Frank,Ross
Kenneth,Kennedy
Joshua,Gonzales
Rachel,Walker
Jessica,Reid
Catherine,Perry
Robert,Price
Sara,Watkins
Carlos,Arnold
John,Johnson
Adam,Vasquez
William,Harrison
Bruce,Willis
Kathryn,Freeman
James,Armstrong
Marilyn,Dixon
Willie,Gray
Heather,Duncan
Denise,Nelson
Michelle,Lawrence
Daniel,Nguyen
Beverly,Adams
Doris,Burton
Gary,Anderson
Jeffrey,Holmes
George,Banks
Kimberly,Scott
Phyllis,Bowman
Judith,Ray
Joan,Jacobs
Lori,Morrison
William,Fuller
William,Lawson
Karen,Carter
Phyllis,Murphy
Jennifer,Henderson
Tammy,Edwards
Jerry,Bishop
Anthony,Garza
Antonio,Romero
Beverly,Kim
Roger,Jenkins
Matthew,Reid
Harold,West
Nicole,Dixon
Robin,Willis
Dorothy,Knight
Carl,Moreno
Kenneth,Lewis
Joan,Holmes
Clarence,Hughes
Karen,White
Norma,Burke
Brenda,Hayes
Karen,Robertson
Emily,Fox
Henry,Campbell
Elizabeth,Grant
Christine,Patterson
Alice,Robertson
Sean,Pierce
Charles,Banks
Stephen,Romero
Brandon,Shaw
Louise,Ruiz
Phyllis,Nichols
Paula,Lynch
Cheryl,Welch
Ryan,Patterson
Teresa,Chavez
Susan,Diaz
Matthew,Shaw
Ronald,Boyd
Sarah,Richards
Larry,Mendoza
Albert,Hamilton
Jane,Schmidt
Joan,Fernandez
John,Burns
Kevin,Howard
Maria,Watkins
Virginia,Stevens
Pamela,Boyd
Andrew,Jones
Ashley,Watkins
Brenda,Payne
Kevin,Dunn
Teresa,Chapman
Mark,Ramos
Deborah,Butler
Joyce,Freeman
Bruce,Graham
Amy,Jordan
Lillian,Gomez
Russell,Stone
Peter,Black
Terry,Harrison
Scott,Daniels
Charles,Ferguson
Kathryn,Armstrong
Philip,Reid
Sarah,Fowler
Robert,Davis
Susan,Mccoy
Linda,Wilson
Tina,Jenkins
Lawrence,Brown
Lisa,Armstrong
Joe,Montgomery
Ruby,Burns
Jimmy,Fields
Steve,Gardner
Willie,Miller
Victor,Castillo
Marie,Fields
Thomas,Lee
Nancy,Stone
Tammy,Hayes
Clarence,Hill
Melissa,Cole
Martin,Jenkins
Katherine,Cole
Peter,Alexander
Nancy,Frazier
Katherine,Brooks
Denise,Moore
Randy,Lane
Carlos,Mills
Virginia,Gordon
Joseph,Peters
Todd,Owens
Louise,Lawrence
Bruce,Bennett
Jonathan,Harper
Mary,Wallace
Philip,Grant
Alan,Wood
Steve,Gray
Edward,Gonzales
Nicholas,Henry
Philip,Rivera
Sara,Thompson
Bonnie,Holmes
Evelyn,Richards
Michelle,Romero
Louise,Hall
Shawn,Warren
Stephen,Green
Stephen,Garrett
Lori,Gonzales
Sarah,Gonzalez
Phillip,Adams
Theresa,Wells
Antonio,Martin
Chris,Sanders
Gary,Moore
Terry,Kelly
Debra,Myers
John,Franklin
Todd,Garrett
Louis,Richards
Mary,Hernandez
Eric,Wallace
Kimberly,Russell
Brandon,Pierce
Paula,Stone
Fred,Hicks
Pamela,Black
Judith,Holmes
Lois,Gray
Bonnie,Patterson
Andrea,Fox
Nancy,Williamson
Jean,Kim
Roger,Murray
Jeremy,Diaz
Virginia,Pierce
Steve,Parker
Joseph,Frazier
Jason,Reid
Christopher,Hall
Tammy,Fisher
Melissa,Vasquez
Sean,Stone
Janice,Cook
Carl,Jenkins
Mildred,Hawkins
Doris,Sims
Edward,Young
Craig,Hart
Janet,Chavez
Jessica,Ortiz
Chris,Sullivan
Janet,Rodriguez
Jose,Gardner
Keith,Walker
Patricia,James
Howard,Cook
Harry,Reid
Jesse,Gilbert
Jessica,Shaw
Kelly,Johnson
Amanda,Daniels
Kevin,Mason
Mary,Sullivan
Henry,Reyes
Janet,Grant
Theresa,Owens
Patricia,Webb
Arthur,Spencer
Dennis,Morales
Kathryn,Oliver
Lawrence,Gutierrez
Benjamin,Davis
Martha,Boyd
Philip,Thompson
Melissa,Dean
Katherine,Parker
Carolyn,Long
Shirley,Lewis
Kathryn,Weaver
Philip,Payne
Margaret,Henry
Debra,Daniels
Anna,Morales
Jennifer,Wells
Maria,Richards
Kenneth,Cooper
Carol,Hunt
Victor,Hawkins
Philip,Romero
Samuel,Rodriguez
Christina,Torres
Carol,Harris
Roy,Richardson
Donna,Fuller
Henry,Mcdonald
Judith,Ortiz
Angela,Ortiz
Sean,Mcdonald
Joe,Stone
Norma,Howard
Marie,Henderson
Sandra,Robertson
George,Johnson
Jean,Holmes
Judy,Robertson
Ann,Young
David,Cole
Benjamin,Henderson
Judith,Price
Patrick,Ray
Ruby,Hunt
Nicholas,Johnston
Frank,Montgomery
Beverly,Marshall
Albert,Cooper
Stephanie,Ruiz
Antonio,Rodriguez
Betty,Diaz
Richard,Gomez
Jennifer,Reynolds
Nicholas,Roberts
Diana,Nguyen
Shawn,Andrews
Daniel,Bennett
Ralph,Morris
Andrew,Mitchell
Kathryn,James
Charles,Wilson
Michelle,Spencer
Katherine,Hill
Dennis,Robertson
Keith,Tucker
Lois,Reynolds
Sharon,Stewart
Dorothy,Fisher
Mary,Spencer
Bobby,Roberts
Kenneth,Watson
Roy,Jackson
Mark,Chapman
George,Willis
Tammy,Johnson
Cynthia,Mccoy